Designator,Mid X,Mid Y,Rotation,Layer
_49,34.86,-87.2,0.0,top
C1,70.18,-53.86,270.0,top
C10,77.246,-50.43,0.0,top
C100,64.95,-137.45,90.0,bottom
C101,72.77,-141.74,270.0,bottom
C102,74.77,-141.74,270.0,bottom
C103,76.77,-141.74,270.0,bottom
C104,78.77,-142.74,270.0,bottom
C105,78.77,-156.84,270.0,bottom
C106,76.77,-157.84,270.0,bottom
C107,74.77,-157.84,270.0,bottom
C108,72.77,-157.84,270.0,bottom
C109,65.27,-157.84,90.0,bottom
C11,47.46,-54.0,180.0,top
C110,64.77,-141.74,270.0,bottom
C111,62.77,-141.74,90.0,bottom
C112,63.27,-157.84,270.0,bottom
C113,78.94,-153.04,180.0,bottom
C114,78.94,-151.04,180.0,bottom
C115,78.94,-149.04,180.0,bottom
C116,79.54,-146.39,180.0,bottom
C117,64.77,-161.74,270.0,bottom
C118,72.77,-161.74,270.0,bottom
C119,63.27,-177.74,270.0,bottom
C12,77.246,-48.43,0.0,top
C120,74.77,-161.74,270.0,bottom
C121,76.77,-161.74,270.0,bottom
C122,78.94,-173.04,180.0,bottom
C123,78.77,-162.74,270.0,bottom
C124,79.54,-166.39,180.0,bottom
C125,78.94,-171.04,180.0,bottom
C126,78.77,-176.74,270.0,bottom
C127,78.94,-169.04,180.0,bottom
C128,76.77,-177.74,270.0,bottom
C129,74.77,-177.74,270.0,bottom
C13,77.246,-46.43,180.0,top
C130,72.77,-177.74,270.0,bottom
C131,65.27,-177.74,90.0,bottom
C132,62.77,-161.74,90.0,bottom
C133,65.27,-197.74,90.0,bottom
C134,72.77,-181.74,270.0,bottom
C135,62.77,-181.74,90.0,bottom
C136,74.77,-181.74,270.0,bottom
C137,76.77,-181.74,270.0,bottom
C138,78.94,-193.04,180.0,bottom
C139,78.77,-182.74,270.0,bottom
C14,77.246,-44.43,180.0,top
C140,79.54,-186.39,180.0,bottom
C141,78.94,-191.04,180.0,bottom
C142,78.77,-196.74,270.0,bottom
C143,78.94,-189.04,180.0,bottom
C144,76.77,-197.74,270.0,bottom
C145,74.77,-197.74,270.0,bottom
C146,72.77,-197.74,270.0,bottom
C147,64.77,-181.74,270.0,bottom
C148,63.27,-197.74,270.0,bottom
C149,104.73,-181.74,270.0,bottom
C15,68.135,-40.595,90.0,top
C150,97.23,-197.74,90.0,bottom
C151,106.73,-181.74,90.0,bottom
C152,95.23,-197.74,90.0,bottom
C153,93.23,-197.74,90.0,bottom
C154,91.05,-193.04,0.0,bottom
C155,91.23,-196.74,90.0,bottom
C156,90.46,-186.39,0.0,bottom
C157,91.05,-191.04,0.0,bottom
C158,91.23,-182.74,90.0,bottom
C159,91.05,-189.04,0.0,bottom
C16,128.219582,-89.497655,180.0,top
C160,93.23,-181.74,90.0,bottom
C161,95.23,-181.74,90.0,bottom
C162,97.23,-181.74,90.0,bottom
C163,105.23,-197.74,90.0,bottom
C164,107.23,-197.74,270.0,bottom
C165,104.73,-161.74,270.0,bottom
C166,97.23,-177.74,90.0,bottom
C167,106.73,-161.74,90.0,bottom
C168,95.23,-177.74,90.0,bottom
C169,93.23,-177.74,90.0,bottom
C17,128.219582,-96.497655,180.0,top
C170,91.05,-173.04,0.0,bottom
C171,91.23,-176.74,90.0,bottom
C172,90.46,-166.39,0.0,bottom
C173,91.05,-171.04,0.0,bottom
C174,91.23,-162.74,90.0,bottom
C175,91.05,-169.04,0.0,bottom
C176,93.23,-161.74,90.0,bottom
C177,95.23,-161.74,90.0,bottom
C178,97.23,-161.74,90.0,bottom
C179,105.23,-177.74,90.0,bottom
C18,58.75,-93.3,180.0,top
C180,107.23,-177.74,270.0,bottom
C181,105.23,-157.74,90.0,bottom
C182,97.23,-157.74,90.0,bottom
C183,107.23,-157.74,270.0,bottom
C184,95.23,-157.74,90.0,bottom
C185,93.23,-157.74,90.0,bottom
C186,91.05,-153.04,0.0,bottom
C187,91.23,-156.74,90.0,bottom
C188,90.46,-146.39,0.0,bottom
C189,91.05,-151.04,0.0,bottom
C19,98.75,-93.3,180.0,top
C190,91.23,-142.74,90.0,bottom
C191,91.05,-149.04,0.0,bottom
C192,93.23,-141.74,90.0,bottom
C193,95.23,-141.74,90.0,bottom
C194,97.23,-141.74,90.0,bottom
C195,104.73,-141.74,270.0,bottom
C196,106.73,-141.74,90.0,bottom
C2,44.9,-58.09,90.0,top
C20,78.75,-93.3,180.0,top
C21,38.75,-93.3,180.0,top
C22,79.78,-95.31,180.0,top
C23,132.307082,-89.497655,180.0,top
C24,39.78,-95.31,180.0,top
C25,59.78,-95.31,180.0,top
C26,99.78,-95.31,180.0,top
C27,80.07,-79.59,90.0,bottom
C28,40.07,-79.59,90.0,bottom
C29,60.07,-79.59,90.0,bottom
C3,77.73,-54.405,0.0,bottom
C30,100.07,-79.59,90.0,bottom
C31,132.219582,-96.497655,180.0,top
C32,87.44,-95.75,0.0,top
C33,47.44,-95.75,0.0,top
C34,67.44,-95.75,0.0,top
C35,107.44,-95.75,0.0,top
C36,57.22,-80.31,0.0,bottom
C37,97.22,-80.31,0.0,bottom
C38,77.22,-80.31,0.0,bottom
C39,37.22,-80.31,0.0,bottom
C4,75.13,-51.355,90.0,bottom
C40,105.47,-80.74,0.0,top
C41,97.02,-96.59,90.0,top
C42,68.53,-108.07,180.0,top
C43,105.47,-78.74,0.0,top
C44,77.02,-96.59,90.0,top
C45,48.53,-108.07,180.0,top
C46,57.02,-96.59,90.0,top
C47,85.47,-80.74,0.0,top
C48,73.46,-108.04,0.0,top
C49,53.46,-108.04,0.0,top
C5,77.73,-48.405,180.0,bottom
C50,37.02,-96.59,90.0,top
C51,85.47,-78.74,0.0,top
C52,88.53,-108.07,180.0,top
C53,93.46,-108.04,0.0,top
C54,65.47,-80.74,0.0,top
C55,108.53,-108.07,180.0,top
C56,101.08,-79.42,180.0,top
C57,65.47,-78.74,0.0,top
C58,113.46,-108.04,0.0,top
C59,105.88,-76.11,0.0,top
C6,66.18,-53.86,270.0,top
C60,53.46,-111.44,0.0,top
C61,45.47,-80.74,0.0,top
C62,101.08,-76.11,180.0,top
C63,73.46,-111.44,0.0,top
C64,45.47,-78.74,0.0,top
C65,48.53,-111.47,180.0,top
C66,85.88,-76.11,0.0,top
C67,88.53,-111.47,180.0,top
C69,81.08,-76.11,180.0,top
C7,57.0,-58.12,270.0,top
C71,113.46,-111.44,0.0,top
C72,65.88,-76.11,0.0,top
C73,108.53,-111.47,180.0,top
C74,68.53,-111.47,180.0,top
C75,61.08,-76.11,180.0,top
C76,52.92,-74.17,90.0,top
C77,73.46,-114.84,0.0,top
C78,45.88,-76.11,0.0,top
C79,93.46,-114.84,0.0,top
C8,72.18,-53.86,270.0,top
C80,72.92,-74.17,90.0,top
C81,108.53,-114.87,180.0,top
C82,41.08,-76.11,180.0,top
C83,93.46,-111.44,0.0,top
C84,92.92,-74.17,90.0,top
C85,81.09,-79.4,180.0,top
C86,88.53,-114.87,180.0,top
C87,68.53,-114.87,180.0,top
C88,41.08,-79.4,180.0,top
C89,113.46,-114.84,0.0,top
C9,77.246,-54.43,0.0,top
C90,61.08,-79.38,180.0,top
C91,53.46,-114.84,0.0,top
C92,48.53,-114.87,180.0,top
C93,116.63,-51.44,270.0,top
C94,130.96,-47.5,0.0,top
C95,127.4,-47.5,180.0,top
C96,84.63,-170.89,270.0,bottom
C97,72.3,-89.33,180.0,bottom
C98,122.307082,-95.497655,90.0,top
C99,122.307082,-90.497655,270.0,top
D1,54.4475,-61.94,180.0,top
D2,46.5725,-62.92,0.0,top
D3,122.7725,-38.27,0.0,top
F1,37.8,-58.33,270.0,top
J1,43.61,-39.98,180.0,top
L1,53.02,-56.9,90.0,top
L2,87.29,-101.6,0.0,top
L3,47.29,-101.6,0.0,top
L4,67.29,-101.6,0.0,top
L5,107.29,-101.6,0.0,top
M1,132.38,-80.38,180.0,top
M2,132.38,-70.38,180.0,top
R1,68.18,-53.86,90.0,top
R10,76.135,-40.595,270.0,top
R11,78.135,-40.595,270.0,top
R12,64.829,-43.754,270.0,top
R13,62.829,-43.754,90.0,top
R14,72.135,-40.595,270.0,top
R15,135.787082,-91.967655,90.0,top
R16,70.135,-40.595,90.0,top
R17,79.8,-97.35,0.0,top
R18,39.8,-97.35,0.0,top
R19,59.8,-97.35,0.0,top
R2,77.73,-52.405,0.0,bottom
R20,99.8,-97.35,0.0,top
R21,85.58,-93.72,180.0,top
R22,45.58,-93.72,180.0,top
R23,65.58,-93.72,180.0,top
R24,105.58,-93.72,180.0,top
R25,103.15,-121.3,180.0,bottom
R26,103.15,-118.35,180.0,bottom
R27,74.135,-40.595,270.0,top
R28,124.17,-52.82,0.0,top
R29,122.74,-46.98,0.0,top
R3,77.73,-50.405,0.0,bottom
R30,66.77,-141.74,90.0,bottom
R31,69.57,-157.07,0.0,bottom
R32,90.7,-56.45,180.0,bottom
R33,66.77,-161.74,90.0,bottom
R34,69.57,-177.07,0.0,bottom
R35,94.18,-56.45,0.0,bottom
R36,66.77,-181.74,90.0,bottom
R37,69.57,-197.07,0.0,bottom
R39,103.23,-197.74,270.0,bottom
R4,63.91,-50.74,0.0,top
R40,100.43,-182.41,180.0,bottom
R42,103.23,-177.74,270.0,bottom
R43,100.43,-162.41,180.0,bottom
R45,103.23,-157.74,270.0,bottom
R46,100.43,-142.41,180.0,bottom
R48,68.77,-141.74,270.0,bottom
R5,64.18,-53.86,90.0,top
R6,74.18,-53.86,90.0,top
R7,48.5,-51.5,180.0,top
R8,45.0,-51.5,180.0,top
R9,77.246,-52.43,180.0,top
U1,48.3025,-57.91,90.0,top
U10,121.24,-49.935,270.0,top
U11,129.24,-49.935,0.0,top
U12,85.02,-170.02,0.0,top
U13,72.29,-87.06,0.0,bottom
U14,118.307082,-92.997655,180.0,top
U15,67.95,-137.65,270.0,bottom
U16,70.0,-150.0,270.0,top
U17,70.0,-170.0,270.0,top
U18,70.0,-190.0,270.0,top
U19,100.0,-190.0,90.0,top
U2,70.63,-47.26,90.0,top
U20,100.0,-170.0,90.0,top
U21,100.0,-150.0,90.0,top
U3,128.219582,-92.997655,90.0,top
U4,81.9325,-87.055005,270.0,top
U5,41.9325,-87.055005,270.0,top
U6,61.9325,-87.055005,270.0,top
U7,101.9325,-87.055005,270.0,top
U8,132.219582,-92.997655,90.0,top
